{
  "parent": "minecraft:item/generated",
  "textures": {
    "layer0": "endrem:item/wither_eye"
  },
  "overrides": [
    {
      "predicate": {
        "pommel:is_held": 1.0
      },
      "model": "endrem:item/wither_eye3d"
    },
    {
      "predicate": {
        "pommel:is_thrown": 1.0
      },
      "model": "endrem:item/wither_eye3d"
    },
    {
      "predicate": {
        "pommel:is_used": 1.0
      },
      "model": "endrem:item/wither_eye3d"
    },
    {
      "predicate": {
        "pommel:is_ground": 1.0
      },
      "model": "endrem:item/wither_eye3d"
    },
    {
      "predicate": {
        "pommel:is_fixed": 1.0
      },
      "model": "endrem:item/wither_eye3d"
    }
  ]
}