{
	"format_version": "1.21.6",
	"credit": "Made with Blockbench",
	"texture_size": [32, 32],
	"textures": {
		"0": "item/ender_eye3d",
		"particle": "item/ender_eye3d"
	},
	"elements": [
		{
			"from": [5, 0.5, 5],
			"to": [11, 6.5, 11],
			"shade": false,
			"rotation": {"angle": 0, "axis": "y", "origin": [10, 0.5, 5]},
			"faces": {
				"north": {"uv": [3, 0, 6, 3], "texture": "#0"},
				"east": {"uv": [0, 0, 3, 3], "texture": "#0"},
				"south": {"uv": [0, 3, 3, 6], "texture": "#0"},
				"west": {"uv": [3, 6, 0, 9], "texture": "#0"},
				"up": {"uv": [6, 9, 3, 6], "rotation": 90, "texture": "#0"},
				"down": {"uv": [6, 3, 3, 6], "rotation": 270, "texture": "#0"}
			}
		},
		{
			"from": [11.5, 7, 11.5],
			"to": [4.5, 0, 4.5],
			"shade": false,
			"rotation": {"angle": 0, "axis": "y", "origin": [11.5, 7, 17.5]},
			"faces": {
				"north": {"uv": [6, 0, 6.5, 0.5], "texture": "#0"},
				"east": {"uv": [6, 0, 6.5, 0.5], "texture": "#0"},
				"south": {"uv": [6, 0, 6.5, 0.5], "texture": "#0"},
				"west": {"uv": [6, 0, 6.5, 0.5], "texture": "#0"},
				"up": {"uv": [6, 0, 6.5, 0.5], "texture": "#0"},
				"down": {"uv": [6, 0, 6.5, 0.5], "texture": "#0"}
			}
		}
	],
	"gui_light": "front",
	"display": {
		"thirdperson_righthand": {
			"rotation": [45, -135, 0],
			"translation": [-0.25, 3, 1.75],
			"scale": [0.5, 0.5, 0.5]
		},
		"thirdperson_lefthand": {
			"rotation": [45, -135, 0],
			"translation": [-0.25, 3, 1.75],
			"scale": [0.5, 0.5, 0.5]
		},
		"firstperson_righthand": {
			"rotation": [0, -60, 0],
			"translation": [0.75, 5.75, 2.25],
			"scale": [0.4, 0.4, 0.4]
		},
		"firstperson_lefthand": {
			"rotation": [0, -60, 0],
			"translation": [0.75, 5.75, 2.25],
			"scale": [0.4, 0.4, 0.4]
		},
		"ground": {
			"translation": [0, 3, 0],
			"scale": [0.5, 0.5, 0.5]
		},
		"gui": {
			"rotation": [25, 45, 0],
			"translation": [0.25, 3.5, 0]
		},
		"fixed": {
			"rotation": [-90, -180, 0],
			"translation": [0, 0, -16.05],
			"scale": [2, 2, 2]
		}
	}
}