{
    "type": "create:crushing",
    "processingTime": 250,
    "ingredients": [
        {
            "tag": "vintageimprovements:stone_types/basalt"
        }
    ],
    "results": [
        {
            "item": "scguns:sulfur_dust",
            "chance": 0.5
        },
        {
            "item": "minecraft:quartz",
            "chance": 0.3
        },
        {
            "item": "vintageimprovements:vanadium_nugget",
            "chance": 0.3
        },
        {
            "item": "vintageimprovements:vanadium_nugget",
            "chance": 0.1
        }
    ]
}