{
    "type": "create:crushing",
    "processingTime": 250,
    "ingredients": [
        {
            "item": "scguns:flayed_god"
        }
    ],
    "results": [
        {
            "item": "scguns:scorched_ingot",
            "chance": 0.3
        },
        {
            "item": "scguns:scorched_ingot",
            "chance": 0.3
        },
        {
            "item": "scguns:energy_core",
            "chance": 0.3
        },
        {
            "item": "scguns:heavy_gun_parts",
            "chance": 0.3
        },
        {
            "item": "scguns:heavy_gun_barrel",
            "chance": 0.3
        },
        {
            "item": "scguns:gun_barrel",
            "chance": 0.3
        }
    ]
}