{
    "type": "create:crushing",
    "processingTime": 250,
    "ingredients": [
        {
            "item": "scguns:ultra_knight_hawk"
        }
    ],
    "results": [
        {
            "item": "scguns:treated_iron_ingot",
            "chance": 0.3
        },
        {
            "item": "scguns:heavy_gun_parts",
            "chance": 0.3
        },
        {
            "item": "scguns:firing_unit",
            "chance": 0.3
        },
        {
            "item": "scguns:heavy_gun_barrel",
            "chance": 0.3
        },
        {
            "item": "minecraft:iron_ingot",
            "chance": 0.3
        },
        {
            "item": "minecraft:iron_ingot",
            "chance": 0.3
        }
    ]
}